GPU_coeff,CPU_coeff,RAM_coeff,HDD_coeff
3.178718116,0.396566187,2.757085479,1.668158805
